name,address_1,address_2
Kenneth Mckinney,39484 Wells Glens,"Annview, New Hampshire  20416"
Julie Perez,3576 Ryan Inlet Apt. 219,"Adkinsmouth, Massachusetts  00798"
Thomas Joseph,64897 Ernest Manor,"Davisborough, MA  48862"
Michael Levy,599 Kaiser Locks,"New Kelly, Maine  84799"
Kristina Kennedy,94089 Raymond Oval Apt. 113,"Ryantown, NH  38222"
Frank Peters,5781 Catherine Cape Suite 822,"Lake Maria, NH  65261"
Mr. Mark Gomez,6560 Evan Run,"Yatesview, New Hampshire  89810"
Lynn Church,7145 Cooper Shores,"South Christopher, New Hampshire  88000"
Crystal Ibarra,40921 Sullivan Skyway Apt. 126,"Wilsonmouth, Massachusetts  04632"
Jessica Ellis,999 Hernandez Plains Suite 995,"Jasonport, New Hampshire  65481"
David Santana,304 Boyer Vista,"Joefort, NH  37686"
Robert Rose,717 Washington Shoals Suite 025,"Lake Stephanie, MA  40865"
Victoria Jimenez,824 Macias Way,"New Jillian, New Hampshire  83835"
Melissa Williams,12213 Jacob Viaduct Apt. 306,"North Annabury, New Hampshire  15815"
Austin Wallace,7600 Christopher Lights Apt. 107,"Zhangtown, ME  11470"
Kimberly Smith,67603 Clark Trace Apt. 304,"North Michaelton, MA  84915"
Darryl Knight,1568 Jesse Summit Apt. 682,"Port Wyatt, Massachusetts  14640"
Amy Hunt,401 Stone Lakes,"East Elizabeth, ME  65054"
Mikayla Kelly,5746 Nathan Ridge,"Lake Christopher, MA  92720"
Jamie Moore,4005 Nicholson Ramp,"Harmonborough, New Hampshire  76457"
Brian Pena,605 Patricia Via,"New Patricia, ME  68344"
Charles Frazier,5708 Scott Throughway Suite 445,"Lauraside, Massachusetts  72510"
Juan Moore,610 Don Divide,"Flemingside, MA  07289"
Brittany Ramos,67971 Davis Mount Suite 089,"Stonehaven, ME  27803"
Tamara Marsh,7987 Hunt Radial Suite 456,"Jacksonfort, Massachusetts  37325"
Brandon Gould,80463 Melissa Turnpike Apt. 186,"Wilsonchester, MA  70781"
Theresa Patel,382 Crystal Shoal Apt. 233,"Michaelview, NH  42123"
Janice Blevins,9589 Roberts Path,"Alvarezbury, MA  27964"
Robert Brown,286 Elizabeth Hill Apt. 768,"East Julieshire, Massachusetts  84403"
Desiree Jimenez,628 Tara Pines Suite 096,"Jennyshire, MA  66939"
Carlos Thomas,2243 Thomas Rapid,"Ryanton, MA  99356"
Brandon Franklin,5534 Wilson Views,"South David, MA  05291"
Troy Conner,94620 Heather Route,"Port Thomasbury, NH  26009"
Kayla Edwards,2070 Tonya Forges,"Jamesport, Massachusetts  42144"
Carolyn Flynn,060 Zachary Ridge Apt. 934,"North Melvinhaven, NH  21124"
Mitchell Powell,6957 Haley Heights Apt. 565,"Lake Erikahaven, MA  92698"
Jerry Owens,7120 Hoffman Ports Apt. 091,"East Madelineview, Maine  54783"
Juan Lewis,28510 Angela Parks,"Scottchester, Maine  97834"
Douglas Moody,51101 Nelson Brook Apt. 485,"Banksborough, New Hampshire  53802"
Patrick Mason,553 Michael Summit,"Port Marvinchester, New Hampshire  53525"
Michael Baker,7774 Jennifer Islands,"Martineztown, Maine  16082"
Brian Long,274 Sean Trace Apt. 517,"Lake Richard, Maine  43581"
Julia Leblanc,86812 Paul Garden Suite 514,"South Henry, Massachusetts  64914"
Jeffrey Thornton,753 John Stravenue Apt. 650,"Estradastad, Massachusetts  58485"
Sandra Miller,1470 Jesse Highway,"North Alyssa, New Hampshire  02920"
Linda Hernandez,223 Rivera Square Apt. 377,"Brittanyshire, MA  61523"
Rodney Snyder,56302 Simpson Parkways Suite 868,"South Aliciahaven, MA  96526"
Laura Snyder,461 Shane Creek,"Batesfurt, New Hampshire  80392"
Allison Walters,0187 Shawn Drive Apt. 164,"South Anthony, MA  12986"
Ryan Wolfe,99157 Diana Lane Apt. 463,"Kellychester, NH  59366"
Megan Mendez,6694 Flores Branch,"North Lucasfurt, New Hampshire  88780"
Ronald Anderson,969 Watts Row Suite 672,"Summersside, NH  49674"
Donna Collins,1939 Morrow Alley Suite 504,"Sotofurt, New Hampshire  10718"
Kendra Clay,49426 Wilson Branch Apt. 378,"North Kristin, ME  06267"
Richard Mccullough,044 Porter Fields Suite 718,"Christianview, Maine  19337"
Amanda Fleming,580 Reyes Lakes Suite 735,"West Deborahstad, Massachusetts  84560"
Caitlin Gray,6574 Frank Port Suite 327,"Port Robert, New Hampshire  39857"
Diane Fox,9107 Leah Valleys Suite 302,"North Frank, Maine  42075"
Gregory Walker,58361 Destiny Isle,"Danielberg, Maine  56530"
Timothy Shepard,831 Keith View,"Jacksonmouth, Massachusetts  30297"
Connie Thomas,9091 Collins Road Apt. 369,"Lake Emilyhaven, Maine  19534"
Lauren Morrison,24952 Jason Viaduct,"Freemanville, New Hampshire  19298"
Brittany Ross,8655 Gonzalez Mills,"Hochester, New Hampshire  83131"
Natasha Valenzuela,9028 Jennifer Dam,"Millerton, New Hampshire  31419"
Gina Boyd,23038 Neal Court,"New Phillip, Maine  12612"
Stacey Brady,5845 Miller Green Suite 049,"Jamesmouth, ME  48233"
Adrian Steele,82095 Padilla Path,"Thompsonville, NH  08856"
Megan King,64106 Baldwin Views Suite 094,"Lake Kayla, Maine  28352"
Richard Gonzales,22727 Megan Bridge,"South Carl, Maine  45746"
Howard Torres,74367 Brown Junction Apt. 977,"New Dianaside, MA  92856"
John Hill,574 Smith Mountain,"Moniquefurt, Massachusetts  37574"
Sean Ortiz,47141 Heather Spurs Suite 163,"New Melissabury, Massachusetts  75185"
Leah Lang,99984 Gomez River Apt. 574,"East Dominique, Massachusetts  38449"
Kayla Brown,6287 Owens Center,"East Staceymouth, Maine  57916"
Stacey Davis,4911 Haynes Station,"South Abigail, NH  57997"
Patrick Phillips,13658 Zuniga Pike,"East Caleb, NH  30398"
Maria Burton,50507 Stone Harbor Apt. 806,"Lake Cassandra, New Hampshire  28062"
Ricky Frank,6910 Kaiser Manors,"East Lisafort, Massachusetts  82543"
William Collins,1949 Hayden Spring Apt. 713,"Robertberg, Massachusetts  75654"
Allison Sandoval,8522 Joshua Track Apt. 934,"Choibury, ME  31213"
Ariel Olson,879 Higgins Stream,"West Angela, ME  50366"
Katelyn Smith,35457 Johnson Row Suite 077,"Zacharymouth, Maine  02421"
Christine Hodges,249 Katherine Landing,"West Wendyport, NH  20841"
Teresa Morris,34536 William Divide Suite 391,"New Ashley, MA  42531"
Candace Martinez,3205 Charles Islands,"East Robertberg, ME  14273"
Henry Montes,180 James Pine Suite 553,"East Kevinborough, Maine  59225"
Michael Jackson,838 Hunter Islands,"Thomasbury, Massachusetts  88176"
Amanda Livingston,14416 Allen Crossroad,"Sullivanchester, ME  13496"
Amanda Moore,335 Julia Square Apt. 049,"Quinnshire, MA  88596"
Kevin Walker,53235 Palmer Loop Suite 724,"Dakotaton, Massachusetts  90922"
Megan Horton,26028 Erin Walk Apt. 176,"Hillburgh, Maine  47366"
Jason Green,611 Robert Walks,"Anthonyview, New Hampshire  67866"
Brooke Anderson,3616 Denise Meadows,"Toddbury, Maine  58839"
Brian Pope,3205 Brian Canyon Apt. 210,"Lake Richard, New Hampshire  96476"
Karen Ramirez,3311 Cassandra Hollow Suite 155,"Port Alanchester, NH  53144"
Francisco Rivera,998 Wong Turnpike Suite 456,"Laurenborough, MA  06120"
Matthew Jackson,63988 Jennings Junctions Suite 561,"Castroport, Massachusetts  75450"
Lauren Jimenez,148 Peters Fort,"New Matthewview, ME  75927"
Heather Brown,7461 Davis Plains,"Waltersland, Massachusetts  83598"
Jason Salinas,48878 Gina Extensions Suite 356,"Marshallside, MA  88121"
Diana Maxwell,8817 Mcconnell Flats Apt. 618,"Wilkinsstad, Maine  12532"
Claudia Watts,80743 Tommy Square Suite 839,"Lisachester, MA  07828"
Juan Rodriguez,14833 Ryan Valley,"East Amy, NH  46765"
Jackie Miller,1106 Aaron Garden Suite 480,"Schwartzton, Maine  36074"
Caleb Brown,2769 Garcia Ridge Suite 101,"New Danielle, Massachusetts  23986"
Thomas Avila,166 Susan Pine,"Brennanville, New Hampshire  06018"
Nathaniel Ortiz,3527 Diana Extensions,"North Leslietown, Maine  47485"
Leslie Baldwin,28225 Gibson Mews Apt. 804,"Karenbury, MA  06601"
Christopher Moore,4128 Elizabeth Island Suite 461,"Lake Bryan, MA  20492"
Amber Robinson,704 Robert Springs,"Garrisonland, NH  93180"
Mr. Adam Clark,594 Tina Motorway,"Shafferfort, Massachusetts  05696"
Aaron Shelton,221 Angela Pine,"Kimberlyhaven, New Hampshire  89680"
Derek Cooper,61241 Dunlap Spurs Suite 760,"Alexanderbury, ME  49869"
Dustin Zavala,76143 James Club Suite 133,"Joneschester, Maine  41753"
Hannah Rodriguez,607 Pamela Cove,"Parkerland, Massachusetts  50301"
Elizabeth Barton,18918 Meza Park Apt. 900,"Lake Emilyfurt, NH  58860"
Mercedes Jones,790 Simmons Terrace,"West Tricia, ME  70929"
Mary Hardy,644 Luis Meadows Apt. 591,"Patrickburgh, Maine  29877"
John Mejia,1897 Benjamin Crossroad,"Edwardsborough, Massachusetts  42101"
Brian Kim,42079 Harris Point Suite 194,"East Brianport, Massachusetts  24493"
Brenda Smith,2288 Janet Mill,"West Katherine, NH  34676"
Gregory Andersen,203 Jenkins Parkway Suite 661,"West Tiffany, MA  70962"
Julie Cervantes,75541 Daniel Mountains Suite 154,"South Robertberg, NH  15690"
Erin Atkinson,7310 Patricia Forge Apt. 777,"Perezmouth, ME  18755"
Andrew Stewart,465 Alexander Tunnel Apt. 182,"South Christopher, ME  37929"
Mark Walsh,1699 Smith Road,"Jenniferberg, NH  73658"
Amy Murray,73731 Peterson View,"North Autumn, MA  43033"
Gloria Watkins,36596 Aguilar Throughway,"Port Briannahaven, Maine  95417"
Sheri Abbott,1220 Moore Harbor,"Port Kylechester, NH  54441"
Zachary Simmons,069 Haynes Loaf Suite 860,"Taylorland, Maine  14293"
Colin Freeman,242 James Trafficway Apt. 428,"Jessetown, MA  24394"
Brandon Rodriguez,859 James Court Suite 217,"New Jessicaburgh, NH  83995"
Rebecca Cruz,329 Williams Prairie,"Lake Melissaland, Massachusetts  58979"
James Robbins,19030 Megan Vista,"Lake Johnathanhaven, Massachusetts  49372"
Zachary Ingram,369 Kendra Cove,"East Heatherside, New Hampshire  90952"
Derrick Hernandez,58265 Maurice Island,"Port Samuel, MA  61426"
John Hernandez,1823 Michael Trace,"Seanshire, NH  26113"
Andrea Mercado,071 Derek Mountains,"Lake Karaburgh, MA  97698"
Maria Hayes,124 Anderson Spring Suite 072,"Ricemouth, MA  43821"
Suzanne Wilson,45313 Trevino Lake Suite 310,"Tannerstad, NH  87567"
Allison Anderson,150 Escobar Bridge,"Chrischester, Maine  73152"
Marvin Spencer,1115 Gay Pike Suite 281,"Lake Sandraton, MA  93085"
Brittney Mendoza,032 Gentry Station,"Hunterberg, NH  03414"
Cynthia Chapman DVM,59802 Allen Wall Apt. 002,"Lake Jordan, ME  30267"
Sandra Smith,2692 Ware Wall,"East Eric, Maine  15134"
Janet Mckinney,7209 Melissa Mountain,"Cindyview, Massachusetts  96011"
Mr. Nicholas Duncan,7520 Smith Port Suite 586,"New Briannaborough, ME  74857"
Linda Mcgrath,805 Jill Lane Suite 114,"Lake Marktown, Maine  90204"
Curtis Howard,01842 Perez Crossing Suite 236,"Allenfort, ME  21055"
Carrie Hernandez,7449 Isaac Ranch,"Millerville, Maine  92467"
Bradley Boone,5515 Cook Knoll Suite 866,"Fostertown, MA  39813"
Theresa Harper,08345 Hector Ridge Suite 421,"Port James, Maine  78317"
Mark Kennedy,1553 Mccarthy Pike Apt. 103,"Brooksbury, NH  03885"
Steven Stewart,52935 Watson Ridges Apt. 382,"Griffithfort, MA  98899"
Kevin Chavez,4548 Bradley Curve Suite 040,"South Sean, NH  87475"
Robert Taylor,292 Mendoza Well Apt. 321,"Rhondamouth, Massachusetts  26887"
Crystal Burns,57148 Eddie Green Suite 458,"North Rebeccaton, Maine  41418"
Kristin Peterson,137 Cristian Meadows,"East Kyletown, Massachusetts  74554"
Vanessa Gray,68426 Amanda Divide Apt. 729,"Cantuborough, Maine  90300"
Joyce Brown,3237 Richard Wall,"Acostafurt, Massachusetts  39276"
Wendy Mitchell,603 Blanchard Island Apt. 640,"Brownmouth, ME  80814"
Michelle Short,069 Victoria Forks Suite 621,"Martinton, Massachusetts  02866"
Sarah Jones,76062 Eric Underpass Suite 308,"Port Tammy, ME  26102"
Chris Reed,5634 Ward Station,"West Alanmouth, NH  56389"
Andrea Hill,61661 Buchanan Cliff Apt. 479,"West Rodneyfurt, Maine  51404"
David Donaldson,29646 Carlos Forks,"Shellyland, Massachusetts  98524"
Tiffany Morrison,0686 Andrew Pike Apt. 388,"Gonzalezstad, NH  55672"
Stephanie Ramirez,51382 Randall Glens,"North Kellyton, Maine  27648"
Kimberly Mendoza,3299 Martin Gardens,"East Michellemouth, MA  39819"
Christopher Johnson,74037 Douglas Field Suite 718,"North Kurtville, MA  43547"
Jasmine Carr,433 Matthew Canyon Apt. 890,"Lake Miguel, New Hampshire  74982"
Daniel Perez,991 Harrison Trafficway,"New Kimberlyhaven, ME  84302"
Michael Jimenez,36761 Robert Ports Apt. 473,"Loganchester, Maine  70042"
Melanie Mitchell,067 Michael Trail Suite 758,"Anthonyberg, NH  59595"
Jennifer Dennis,463 Cruz Light Suite 335,"North Robertstad, ME  71488"
Laura Gates,75050 Olsen Club,"Monroemouth, Massachusetts  95106"
Katherine Silva,066 Monroe Ford Suite 399,"East Dakota, Massachusetts  03126"
Maria Anthony,147 Odom Cliffs Suite 389,"Brownmouth, MA  35337"
Mr. Brian Jackson,332 Proctor Stravenue Apt. 183,"Gomezton, MA  59834"
Leslie Glass,4156 Brian Summit,"South Bradleyville, MA  02302"
Scott Gallegos,0057 Christine Squares,"Salazarbury, NH  32288"
Monica Norris,583 Alexander Inlet Suite 764,"Loganview, NH  03600"
Joe Bryant,305 Robert Lodge Apt. 930,"Dawnburgh, Massachusetts  56516"
Gregory Crosby,87344 Underwood Prairie,"Port Andrew, New Hampshire  00993"
Ashley Jackson MD,91965 Jessica Brooks,"New Davidfort, ME  97740"
Daniel Weaver,174 Scott Square Apt. 385,"Heiditown, NH  90951"
Tiffany Turner,81382 White Locks,"Lake Michelefort, Massachusetts  61610"
Matthew Campbell,32187 Eddie Fort Suite 099,"West Jimbury, ME  54836"
Natalie Wilson,33918 Carla Ford,"West Tiffanyshire, Massachusetts  00787"
Luis Hill,895 Thomas Key,"Jackieburgh, Massachusetts  70522"
Anthony Weiss,0782 Preston Branch,"South Thomaschester, Massachusetts  64240"
Samantha Mccoy DDS,618 Christensen Ridge Suite 879,"West Sonyaville, ME  65040"
Dana Clarke,43498 Amanda Groves Apt. 694,"Olsenview, ME  36122"
Kerry Middleton,21898 Brock Orchard Suite 580,"North Francisbury, NH  60281"
Timothy Herrera MD,83679 Aaron Corner,"New Jack, New Hampshire  63560"
James Thomas,340 Patrick Parkways Suite 480,"Lake Garymouth, Massachusetts  30108"
Andrea Evans,105 Morris Point Apt. 826,"East Tonyaport, MA  62936"
Sean Santos,648 Nicole Club,"Michaelport, Massachusetts  29356"
Julie Carroll,0297 Christopher Mountain Apt. 869,"Lamtown, ME  60670"
Aaron Morris,932 Newman Trail Apt. 448,"Alvarezstad, Massachusetts  39884"
Christian Garcia,7023 Jeremy Lodge Apt. 034,"Smithport, Maine  32817"
Victoria Johnson,5516 Darryl Spurs,"New Tiffany, MA  58529"
Jessica Williamson,7093 Clark Coves Suite 596,"Paigeshire, Maine  10296"
Michael Cabrera,31563 Christine Canyon Suite 992,"Davidmouth, Maine  85121"
Rhonda Ramos,084 Reed Union Suite 874,"Jacksonland, Massachusetts  38745"
Erin Hughes,4472 Michael Village,"New Ryan, ME  81209"
Jennifer Carlson,199 Hoffman Burgs,"South Williamview, Maine  20146"
Erica Gonzalez,671 David Prairie,"Lake Brian, New Hampshire  76514"
Sue Mccoy,59397 Loretta Estates,"Tuckerside, Maine  16427"
Alicia Harris,82673 Brendan Falls,"Reedland, Massachusetts  97189"
Colin Little,221 Matthew Harbor,"Heidiville, Maine  80336"
Rick Peterson,66255 Fuentes Locks,"New Cliffordport, MA  30664"
Brittney Cook,674 Walker Common Suite 160,"North Ronaldfort, ME  54105"
Kevin Scott,0082 Brown Springs Suite 907,"Casemouth, Maine  81272"
Chris Brown,49883 Tiffany Stravenue,"South Michelleshire, Maine  93500"
Laura Coleman,6514 Hill Villages Apt. 096,"Lake Lisa, New Hampshire  16753"
Shawn Nash,06498 Morse Prairie,"New Meghan, New Hampshire  64096"
Adam Baldwin,93720 Wiggins Corner Suite 062,"Tinaton, NH  10150"
Brian Forbes,43962 Kenneth Village,"East Rebekah, New Hampshire  55322"
Jacqueline Carr DVM,417 Jacob Mountains,"West Melissashire, ME  83007"
Micheal Estrada,420 Natalie Camp,"Lake Lucas, NH  09178"
Kelly Gonzales,62930 Boyd Summit,"Mannmouth, New Hampshire  28875"
Kristin Thompson,882 Jason Haven,"East Leah, NH  13546"
Tara Baker,93327 Ward Meadow,"Williamchester, New Hampshire  35424"
Janice Barrett,96758 Wells Branch Apt. 484,"West Emilyshire, MA  11859"
Dawn Donovan,372 Megan Green,"New Tina, Maine  52111"
Justin Alvarez,4143 Snyder Estates Apt. 845,"Leestad, Maine  23740"
Kathy Hernandez,6083 Walters Forest Suite 514,"Samuelland, MA  29319"
Natalie Taylor,23991 Jennifer Hill,"Jessicastad, NH  54649"
Thomas Rodriguez,7308 Brian Route,"New Meganhaven, ME  08997"
Katherine Perez,976 Phillips Extensions Suite 554,"New Tony, Massachusetts  29710"
Monique David,93290 Campbell Green Apt. 268,"Glenton, MA  01299"
Sheila Reed,56015 Anna Rapid,"New Chasemouth, Maine  40394"
Lacey Hanson,9419 Bautista Track,"Jessicaborough, ME  64887"
Michael Wilson,19708 Rose Camp,"Hartville, NH  78398"
Melissa Howard,196 Anderson Bypass,"Robertfort, NH  12150"
Jim Moore,51938 Sara Radial,"Christineshire, New Hampshire  63486"
Stephanie Norman,87960 Schaefer Stream,"Port Cody, NH  13232"
Derrick Rose,3599 Alexander Hill,"Hollyberg, New Hampshire  61750"
Jeffrey Martinez,2302 Weber Union,"Port Alexisville, Maine  55908"
Mary Meyers,58083 Amanda Harbors Apt. 038,"Lake Johnstad, New Hampshire  48113"
Kristy Clark,8542 Wilson Circles,"Jessicafort, New Hampshire  71638"
David Hicks,7132 Pugh Brooks Suite 981,"Lake James, MA  24217"
Kelly Hall,66963 Austin Ridges Apt. 026,"Warnerview, Maine  08106"
Mark Daniel,92727 Katherine Forks Suite 477,"Elliottstad, Massachusetts  61633"
Robert Chang,29455 Tyler Court,"North Andrebury, New Hampshire  74953"
Breanna Jones,1879 Hernandez Skyway Apt. 972,"Harrismouth, Massachusetts  57315"
Jonathan Gomez,665 Shelley Stream,"South Deborah, MA  33276"
Matthew Short,598 Derrick Fall,"Grahamshire, Massachusetts  22619"
Garrett Stout,66143 Stewart Heights Suite 605,"Angelachester, MA  12533"
Sarah Mosley,3510 Sanchez Falls,"New Shannonburgh, ME  93880"
Amanda Hamilton,44845 Rebecca Ways,"North Frank, NH  06153"
Dr. Stephanie Sanders MD,804 Dalton Ramp Apt. 030,"Martinezside, New Hampshire  55044"
Nicholas Long,55291 Harding Vista,"Lake Damonborough, ME  21687"
Laurie Stokes,39346 Keith Viaduct Suite 897,"Pattersonshire, NH  31791"
Alyssa Whitaker,52191 Laura Field Apt. 494,"Wolfhaven, ME  16463"
Anthony Gomez,057 Carson Point,"Aaronburgh, MA  83018"
Anthony Robinson,23914 Schmitt Drive,"North Scott, Maine  88628"
Devin Roberts,859 Daniel Coves Suite 682,"Lake Renee, Maine  90469"
Jennifer Fitzpatrick,474 Teresa Trafficway,"West Mia, Maine  37023"
Andre Myers,7397 Alicia Shore Suite 670,"West Johnfurt, Maine  50943"
Matthew Gardner,44010 Jesse Viaduct,"Barrettland, New Hampshire  87257"
Joshua Lee,59435 Hodge Burgs,"East Carrie, MA  64855"
Samantha Wilkins,402 Hall Orchard Apt. 254,"Whitefort, ME  30850"
Bonnie Ellison,51268 Melissa Underpass Apt. 399,"West Kellyberg, Maine  06508"
David Jones,88907 Gregory Plains Suite 131,"Chrischester, MA  35800"
Shelia Phillips,8392 Hamilton Canyon Apt. 261,"Fisherfort, ME  71085"
Jennifer David,950 Smith Isle,"Mooreport, Maine  23674"
Gregory Price,9881 Timothy Junctions,"South Cliffordmouth, New Hampshire  04811"
Marc Curtis,1612 Travis Ferry Apt. 182,"Christinafurt, NH  69109"
Sharon Mitchell,1878 Peterson Squares Suite 515,"Robinsonborough, Maine  96247"
Mike Travis,373 Joe Club Apt. 713,"Cobbstad, MA  22923"
George Chavez,7755 Miranda Station Apt. 253,"Port James, ME  06142"
Thomas Wood,318 Hall Spur Apt. 639,"Maryhaven, NH  85856"
Kathleen Donovan DVM,36897 Sarah Ports Apt. 722,"New Kathy, ME  06302"
Nathan Edwards,66435 Ramos Unions,"Jeffreyfurt, NH  33517"
Catherine Reyes,42932 Giles Stravenue,"Richardhaven, MA  96721"
Kristin Stanton,9122 Diana Hill,"Darrellborough, Maine  56362"
David Ramsey,562 Hernandez Rapids,"Lopezchester, MA  82502"
Jessica Jackson,75331 Thomas Vista Apt. 135,"Millertown, NH  43158"
Scott Walters,443 Joshua Manors,"Johnland, MA  75774"
Karen Kramer,81456 Brandon Inlet,"Zacharyville, NH  20562"
Caitlin Stevens,32830 Heidi Neck,"Sergioberg, MA  46977"
Emily Bolton,13061 Bryan Mountains,"Brettfort, Maine  60784"
John Miller,0322 Michael Tunnel Suite 221,"New Gabriela, New Hampshire  61569"
Kenneth Medina,655 Reyes Forges Suite 859,"Taylorburgh, NH  06217"
Sarah Miller,337 Miller Crossing Apt. 719,"West George, MA  03058"
Shelly Garcia,5433 Jones Mills Apt. 764,"Fernandoville, ME  78825"
Susan Rodgers,6442 Pace Groves,"Warrenhaven, MA  35206"
Michele Freeman,610 Karen Vista Apt. 277,"Lake Jillton, Maine  61094"
Heather Garcia,7362 Kelly Gateway Apt. 206,"New Jeremyville, Massachusetts  46426"
Cody West,76571 Kim Glens Suite 132,"Port Jason, Massachusetts  75359"
Courtney Kennedy,7137 Nunez Centers Apt. 468,"Timothyshire, MA  29555"
Tyler Mccoy,0942 Holly Estate,"Nicholaschester, New Hampshire  97166"
Melissa Preston,43889 Miranda Village,"Charlesbury, Maine  36628"
Patricia Wright,460 John Views,"East Amy, ME  92723"
Brad Daniels,90418 Sharon Key Apt. 366,"Port Melanie, New Hampshire  91729"
Karen Jordan,73348 William Estates,"New Brandonhaven, Maine  12620"
William Duffy,776 Mark Corners,"Torresborough, New Hampshire  28949"
Michael Beltran,7048 Mcpherson Club,"Cindyburgh, New Hampshire  83519"
Brian Daniel,43177 Juan Freeway,"Taylorview, Massachusetts  02341"
Mary Miller,96154 Amanda Dale Suite 992,"South Sarahaven, ME  53507"
Devon Coleman,6815 Paige Drive Apt. 420,"East Joshua, New Hampshire  93996"
Eric Yoder,55314 Reid Gateway,"Karaburgh, Massachusetts  25893"
Michael Chen,85689 Thornton Tunnel Apt. 766,"Karenshire, Maine  33238"
Amanda Singleton,4126 Taylor Road Apt. 713,"East Cheyenne, New Hampshire  04119"
Jason Barry,197 Caitlin Causeway Suite 017,"South Frankhaven, NH  54506"
David Adams,699 Michael Roads,"New Jacobstad, ME  60959"
William Myers,21047 Mooney Mission,"Reynoldsfurt, ME  81597"
Shirley Cantu,345 Barajas Pass Suite 705,"Lake Lisa, NH  02052"
Jason Long,01924 Sheila Rest Apt. 606,"Kristenview, NH  80009"
Bailey Ramirez,33643 Mcneil Groves Apt. 175,"South Jason, Maine  82529"
Leslie Curry,808 Trevor Junction Apt. 561,"Valdezmouth, New Hampshire  00682"
Brenda Crane,9210 Curtis Views,"Garnerton, MA  89225"
Heather Stone,393 Ariana Locks,"East Jennifer, Massachusetts  93868"
Cameron Daniels,5765 Lopez Mill,"Russellfort, MA  38997"
Samantha Hayes,200 Norman Street Suite 370,"Lake John, MA  13015"
John Williams,2949 Valerie Underpass,"Richardport, MA  67400"
Tracy Evans,260 French Path Apt. 348,"Millerview, Massachusetts  30540"
Kimberly Garcia,627 Duncan Square,"Jessicaburgh, ME  63537"
Erin Kim,451 Valencia Street,"Jonesberg, ME  55826"
Alexandra Allen,07030 Johnson Stream Apt. 335,"East Heatherfort, Maine  55091"
Sheila Burnett,0705 Johnson Extension,"New Michaelberg, ME  24686"
Danielle Owens,8806 Gallagher Passage,"New Mariostad, NH  61513"
Tiffany Johnson,3516 Moore Square,"South Ellenland, Massachusetts  11214"
Samantha Humphrey,3693 Rangel Fields Apt. 041,"Lake Micheleshire, Maine  83527"
Courtney Cook,025 Barnes Lodge,"Morrisborough, Maine  43014"
Courtney Sampson,252 Jones Gateway,"Madisonstad, Maine  59789"
Craig Walker,007 Tyrone Park Suite 327,"Jonstad, New Hampshire  25537"
Katie Sanchez,8145 Jay Burgs Apt. 068,"Moodytown, MA  04640"
Wendy Villarreal,423 James Stream,"Port Wendy, MA  16951"
Denise Keller,6936 Matthew Inlet Apt. 836,"Baileychester, Maine  16631"
Erica Crawford,19641 Chambers Valleys Suite 380,"New Thomas, Massachusetts  10632"
Natasha Moore,506 Matthew Unions,"Brianstad, NH  91010"
Dr. Robert Garcia,58024 Caroline Ramp Suite 294,"North Tanya, NH  34161"
Harold Santos,926 Taylor Camp,"North Kathryn, ME  10167"
Veronica Ramsey,21822 Dillon Rest,"Brownchester, MA  84778"
Miguel Phillips,52461 Payne Trafficway,"West Davidton, Massachusetts  06435"
Cody Alvarado,336 Carpenter Ramp,"Leeton, Massachusetts  07106"
Joseph Mccarthy,89948 Dana Mountain Apt. 809,"Jesseland, ME  10241"
Loretta Smith,6279 Jeffery Estates,"East Jill, Maine  39147"
Shane Hull,5934 Butler Underpass,"Maddenborough, Massachusetts  59525"
Phillip Green,8911 Becky Locks,"Atkinsmouth, MA  56704"
Maria Moore,976 Logan Expressway,"South Dawn, Maine  39826"
Catherine Franklin,09881 Mcneil Glen Apt. 737,"New Kaylabury, ME  56951"
Roy Wilson,08615 Berry Pines Suite 873,"Dudleyhaven, NH  80492"
William Harrison,2621 Gordon Landing Apt. 019,"North Joseville, New Hampshire  45216"
Shirley Jones,3007 Penny Brook Suite 793,"Lake Markland, Massachusetts  28241"
Sean Wright,27166 Jessica Station,"Lake Michaelfort, New Hampshire  24474"
Jonathan Edwards,709 Christopher Dale,"Justinfurt, ME  85623"
Rhonda Gutierrez,466 Richard Trace,"South Elizabethberg, Massachusetts  98132"
Jason Thomas,378 Schmidt Corner Suite 832,"Crystalchester, New Hampshire  73404"
Joseph Blake,9514 Petersen Lodge Suite 088,"New Jamesborough, NH  96247"
Lauren Friedman,88650 Ochoa Harbors Suite 511,"Johnbury, ME  61342"
Jeffrey Gibson,6436 Henry Rue Suite 796,"Michelleport, Massachusetts  28995"
Molly Williams,29577 Kyle Trail Apt. 191,"Sabrinaberg, New Hampshire  09742"
Alyssa Black,81185 Johnson Spring Suite 192,"Tammyland, Maine  37448"
Laura Johnson,672 Mercer Parkway Apt. 610,"New Amberborough, MA  38873"
Rebecca Williams,1339 Christian View Suite 853,"Marychester, MA  12278"
Rachel Collins,06554 Scott Mountains Apt. 781,"Michaelberg, NH  23810"
Gregory Johnson,48868 Hawkins Lock Suite 155,"East Maria, NH  42880"
Zachary Watson,62332 Ramirez Falls Suite 413,"West Cherylmouth, New Hampshire  87050"
Heather Buchanan,44549 David Mountain,"Davidtown, Massachusetts  85824"
Donna Taylor,51870 Danielle Mission,"Lake Amystad, Maine  01935"
Wendy Flores,24147 Sarah Cove Suite 632,"Johnfort, Massachusetts  27465"
Vanessa Maldonado,7398 Love Throughway,"East Richardfort, NH  91465"
Daniel Johnson,466 Danielle Shoal,"Emilyberg, ME  51509"
Greg Gardner,805 David Mountains Apt. 378,"North Kevinmouth, Maine  30432"
Diana Allen,15786 April Pass Apt. 655,"West Nicoleville, ME  78441"
David Garrison,414 Christopher Tunnel,"North Josephport, NH  94059"
Tammy Lewis,66567 Bryant Tunnel Suite 223,"Jamesborough, MA  26404"
Aaron Miller,79669 Edwards Gateway,"Simstown, Massachusetts  35365"
Valerie Young,71709 Ramos Prairie,"West Jonville, Massachusetts  04483"
Sheila Whitney,341 Richard Ports,"Hicksshire, NH  88945"
Arthur Hobbs,433 Donald Viaduct,"West Davidshire, Maine  20628"
Mikayla Wilson,9153 Mary Stravenue Apt. 341,"West Meghanton, ME  25142"
Kathleen Matthews,6806 Kimberly Valleys Suite 183,"Port Amy, Maine  20931"
Angela Lynn,142 Mccormick View Apt. 676,"East Steven, NH  36220"
Tara Mendoza,92942 Robert Light,"Wilsonborough, New Hampshire  03726"
Sarah Rollins,44807 Gonzalez Spurs Apt. 417,"Port Laurie, NH  05875"
Kyle Garcia,5355 Young Skyway Apt. 850,"North Paulmouth, New Hampshire  79005"
Kenneth Johnson,5558 Brittany Valleys Apt. 050,"Tracyburgh, NH  69577"
Michael Webb,952 Smith Meadow,"Adamburgh, NH  06336"
Susan Hooper,328 Anderson Keys,"Mariatown, Maine  60952"
Shawna Norris,122 Maxwell Springs,"Carriefurt, NH  22358"
Roy Bishop,368 Brittney Ranch Apt. 700,"Danielshire, New Hampshire  31996"
Kristina Sanders,716 Claire Ranch Apt. 681,"Romerofort, NH  38329"
Christina Deleon,18534 Spencer Fields,"Meaganburgh, NH  66830"
Victoria Howell,41116 Snyder Street,"Nelsonchester, NH  19281"
Dr. Scott Kane,0828 Angela Lodge,"New Larrytown, MA  45915"
Sarah Pearson,131 Cheryl Oval,"Tamarafurt, NH  89273"
Michelle Gill,44926 Michael Harbors Apt. 858,"Lake Stephanietown, NH  53460"
Paula Torres,27397 Clark Light Suite 509,"East Jennifermouth, Massachusetts  26588"
Mason Jennings,17389 Holt Way,"East Kathrynville, Maine  43817"
Mark Lopez,435 Perez Lodge Apt. 207,"North Jennifer, Maine  66527"
Steven Murphy,5094 Keith Junctions,"Nashton, NH  22449"
Joshua Molina,71762 Logan Land Apt. 607,"East Vickiemouth, NH  70549"
Patricia Davis,566 Miranda Plains,"West Kristen, MA  53275"
Mark Thomas,803 Marvin Street,"Port Brianside, Maine  71772"
Brittany Riddle,139 Carlos Forest Suite 248,"South Tara, NH  46049"
Bailey Lee,643 Leonard Burg Apt. 097,"Rossland, Massachusetts  76337"
Jonathan Pittman,24606 Amanda Road,"East Derekport, New Hampshire  40460"
Amanda Dawson,4493 Lamb Lane Apt. 460,"Yanghaven, MA  99913"
Kenneth Williams,72357 Amber Trafficway,"Port Gregoryfort, Maine  58407"
Elizabeth Curtis,5965 Chang Mountains,"South Amanda, NH  28597"
Richard Dunlap,4005 Morris Wall,"East Richard, ME  57098"
Cameron Smith,6502 White Crescent,"North Alexandrachester, Massachusetts  89812"
Mary Scott,54013 Wong Tunnel Suite 427,"New Jamesville, MA  63455"
James Jones,18750 Julie Lake,"New Aaron, Maine  85348"
John Bryant,915 Rangel Glen,"East Jessica, Maine  56763"
Charlotte Martin,451 Andrew Radial Apt. 648,"Petersonfort, New Hampshire  62739"
Ronnie Weaver,357 Mark Shoal Apt. 428,"Port Markborough, Massachusetts  19070"
William Chapman,73724 Gonzalez Cliffs Apt. 574,"New Kristenshire, Maine  86291"
William Adams,3563 Jeffrey Passage Suite 958,"West Karen, Massachusetts  79436"
Thomas Hughes,168 Wallace Common Apt. 433,"North Brandy, New Hampshire  29185"
Aaron Walker,56933 James Well,"Port Mariaborough, MA  46893"
Joshua Riley,09700 Tami Mount,"Batestown, MA  41831"
Lori Avila,3634 Smith Lodge,"Port Jeffreyfort, Maine  20495"
Susan Gallagher,52870 Anthony Crossing,"Knightburgh, New Hampshire  11923"
Holly Peterson,63127 Johnson Park,"West Joshua, Maine  09645"
Alyssa Short,232 Robert Springs Apt. 373,"Port Antonio, Maine  39802"
Lisa Pollard,9978 Ryan Brook,"Swansonbury, Massachusetts  03924"
Denise Washington,59275 Tucker Ramp Apt. 105,"Taylorshire, ME  12736"
Lindsay Fox,423 Carr Lodge,"Christophermouth, MA  40838"
George Johnson,52711 Christopher Road Suite 384,"West Victor, MA  26798"
Mary Young,48310 Lester Mission,"Port Johnmouth, NH  04418"
Mark Forbes,1821 Robert Walk,"Port Gavinmouth, New Hampshire  81490"
Jenna Garcia,99997 Ray Shores Suite 497,"Port Douglas, NH  98170"
Lisa Lewis,5356 Fernando Heights,"Port Jesseborough, Maine  36275"
Alexis Davidson,01444 Smith Shore,"Christopherfurt, MA  34724"
Robert Wright,0904 Elizabeth Lock Suite 483,"New Cheyenne, NH  41210"
Timothy Hernandez,0016 Tracy Streets,"New Alexander, New Hampshire  23447"
Zachary Simpson DDS,23818 Jamie Bypass,"East Mary, Massachusetts  54186"
Alicia Peterson,4829 Marcus Trail Apt. 084,"Garnertown, Maine  42895"
Kara Moss,2134 James Alley Apt. 282,"New Aaron, MA  85129"
Hayley Shaw,32322 Chapman Crest Suite 780,"Lake Josephhaven, Massachusetts  75958"
Danielle Bass,35226 Tiffany Mountain,"Port Brian, Massachusetts  91983"
Peter Gray,0889 Timothy View Suite 986,"Davidfort, New Hampshire  14400"
William Mahoney,6969 Smith Loop Apt. 160,"Bryceview, NH  66880"
Heather Fitzpatrick,564 Jessica Isle,"East Kelsey, MA  30305"
Dawn Warner,9719 Schaefer Ferry,"West Marieland, New Hampshire  71734"
Rhonda Pratt,7304 Nicole Rest Apt. 034,"Pittmanview, Massachusetts  92863"
Stephanie Bowman,58383 Morgan Rapids,"Port Courtney, New Hampshire  22952"
John Reed,230 John Burg,"Briannatown, NH  05855"
John Bush II,85151 Jason Mall,"Christensenshire, ME  32033"
Jesse Atkins,25353 Renee Plaza,"Nelsonshire, Maine  27224"
Kelly Campbell,71816 Brian Lock Apt. 312,"Port Lori, ME  16067"
Alexander Cooper,6783 David Crescent,"Micheleton, NH  36719"
Jacob Moore,125 Tanner Keys,"Thomasborough, NH  27257"
Cheryl Parrish,227 Kelley Isle Apt. 495,"Lake Carrieborough, Maine  93134"
Rachel Figueroa,29211 Eric Freeway Suite 925,"East Cindytown, Maine  28307"
Derek Smith,58239 Melissa Forks,"Port Bryanland, ME  52265"
Patrick Davis,297 Todd Street Apt. 923,"Lake Kaylaburgh, MA  92777"
Tina Stark,8064 Helen Bridge,"Jonathanville, New Hampshire  99374"
Ricky Gonzalez,18318 Jacqueline Mission Apt. 338,"Lake Melissafurt, MA  95914"
Donna Parker,116 Stephen Dale Suite 347,"East Michelle, MA  40246"
Alan Smith,4478 Banks Drive Suite 171,"Gabriellebury, ME  30041"
Gina Johnson,79462 Parker Villages Suite 649,"Sanderston, Massachusetts  32439"
Erika Marshall,17839 Angelica Burgs Suite 348,"South Courtney, MA  61267"
Erin Cuevas,543 Gibson Harbor Apt. 438,"Jacksonbury, NH  22079"
Cory Mason,7558 Taylor Street Apt. 650,"Jeffreyburgh, NH  01336"
Kristin Anderson,602 Kathleen Gateway,"Thompsonton, ME  52931"
Patricia Anderson,919 Johnson Keys Suite 024,"Reginaton, New Hampshire  61247"
Angela Ruiz,09921 Christopher Prairie,"New Lisastad, ME  27202"
Jackie Thompson DVM,94858 Lewis Centers,"Haydenbury, Maine  38512"
Marc Cobb,09353 Michael Pine Apt. 895,"Phillipsbury, Maine  29626"
Kevin Watson,6867 Robinson Fields,"Emilymouth, Maine  69997"
Chase Cardenas,814 Barry Row,"Johnsonville, New Hampshire  20186"
Kimberly Burton,02962 Nicole Hill,"Port Justin, NH  92805"
Kyle Miller,95849 Jennifer Throughway,"New Nancyfort, New Hampshire  63218"
Robert Martinez,090 Frank Heights Apt. 644,"South Bradley, NH  82958"
Russell Wilson,6370 Trujillo Greens,"New Isaiahmouth, ME  06279"
Anthony Wall,11634 Krista Views Suite 618,"Port Chelsealand, Massachusetts  93540"
Joseph Hall,7637 Flynn View Apt. 935,"Craigborough, New Hampshire  80112"
Wesley Mayer,7636 Jason Common Suite 649,"West Ruth, New Hampshire  08949"
Samuel Clay,066 Erica Station,"New Angelamouth, NH  17484"
William Jones,91802 Barrera Canyon Suite 982,"Lake Margaretberg, MA  31264"
Laura Fields,341 Rachel Spur,"Josephshire, NH  02396"
Brandy Joyce,168 Steven Mountain Suite 731,"Mccartyberg, NH  08312"
James Pace,6386 Garcia Expressway,"Daviesport, Massachusetts  65915"
Stephen Poole,21802 Hodges Keys,"Noblefurt, ME  52823"
Tammy Mendez,390 Mccarthy Inlet Suite 664,"West Marcusberg, New Hampshire  98980"
Diane Miller,9935 Wilkins Gateway,"New Michael, Maine  62840"
Natalie Cole,18097 Brown Row Apt. 091,"Lynnmouth, MA  43172"
Michelle Chaney,5768 Cohen Roads,"East Danielborough, New Hampshire  39553"
Jennifer Bautista,10816 Brian Walks,"Walkerborough, Maine  24286"
Darren Silva,243 Heather Court,"Mariabury, Massachusetts  58532"
Danielle Abbott,91016 William Union Suite 130,"North Nicholas, MA  29884"
Diana Odom,07819 Marissa Stravenue Apt. 481,"West Matthew, Maine  76374"
Bradley Smith,5366 Dale Junctions,"Andrewbury, Massachusetts  96553"
Colleen Santiago,32478 Meadows Harbor,"South Lindsay, New Hampshire  49771"
Kaitlin Glover,9597 Dominguez Passage Suite 956,"Lake Nathaniel, New Hampshire  89842"
Megan Walker,812 Marquez Vista,"Kristaton, Maine  51504"
Renee Murphy DDS,29423 Sanders Parkway Suite 432,"East Donnahaven, ME  27147"
Matthew Hill,72173 Stephanie Field,"Riveraville, ME  75660"
Kristin Brewer,8903 Fitzgerald Highway,"Jenniferborough, NH  88512"
Steven Larson,279 Smith Ports Apt. 259,"New Michelefort, New Hampshire  16906"
Carol Richardson,537 Pearson Estates Apt. 704,"East Colton, MA  20599"
Danielle Stevens,3071 Lewis Court Suite 359,"North William, ME  78142"
Ryan Cook,4718 Washington Green Apt. 498,"New Victoria, NH  43507"
